FECHA,CAUDAL_M3S
2015-01-01,7.62
2015-01-02,7.62
2015-01-03,7.62
2015-01-04,7.51
2015-01-05,7.41
2015-01-06,7.38
2015-01-07,7.38
2015-01-08,7.46
2015-01-09,7.62
2015-01-10,7.62
2015-01-11,7.57
2015-01-12,7.46
2015-01-13,7.46
2015-01-14,7.46
2015-01-15,7.43
2015-01-16,7.46
2015-01-17,7.54
2015-01-18,7.62
2015-01-19,7.62
2015-01-20,7.62
2015-01-21,7.62
2015-01-22,7.62
2015-01-23,7.78
2015-01-24,7.78
2015-01-25,7.67
2015-01-26,7.62
2015-01-27,7.62
2015-01-28,7.78
2015-01-29,7.62
2015-01-30,7.62
2015-01-31,7.67
2015-02-01,7.62
2015-02-02,7.62
2015-02-03,7.62
2015-02-04,7.62
2015-02-05,7.62
2015-02-06,7.62
2015-02-07,7.78
2015-02-08,5.19
2015-02-09,7.78
2015-02-10,7.78
2015-02-11,7.67
2015-02-12,7.62
2015-02-13,7.67
2015-02-14,7.73
2015-02-15,6.53
2015-02-16,6.59
2015-02-17,7.65
2015-02-18,7.54
2015-02-19,7.78
2015-02-20,7.78
2015-02-21,7.78
2015-02-22,5.13
2015-02-23,7.62
2015-02-24,7.78
2015-02-25,7.73
2015-02-26,7.62
2015-02-27,7.51
2015-02-28,7.46
2015-03-01,7.57
2015-03-02,7.78
2015-03-03,7.73
2015-03-04,7.62
2015-03-05,7.78
2015-03-06,7.78
2015-03-07,7.78
2015-03-08,7.78
2015-03-09,7.78
2015-03-10,7.78
2015-03-11,7.78
2015-03-12,7.78
2015-03-13,7.78
2015-03-14,7.78
2015-03-15,7.78
2015-03-16,7.78
2015-03-17,7.78
2015-03-18,7.78
2015-03-19,7.78
2015-03-20,5.19
2015-03-21,7.78
2015-03-22,7.78
2015-03-23,7.78
2015-03-24,7.78
2015-03-25,7.65
2015-03-26,5.76
2015-03-27,6.06
2015-03-28,5.64
2015-03-29,5.52
2015-03-30,5.52
2015-03-31,5.38
2015-04-01,5.52
2015-04-02,5.77
2015-04-03,5.52
2015-04-04,5.52
2015-04-05,5.57
2015-04-06,5.52
2015-04-07,5.52
2015-04-08,5.05
2015-04-09,5.17
2015-04-10,5.31
2015-04-11,5.17
2015-04-12,5.17
2015-04-13,5.17
2015-04-14,5.31
2015-04-15,5.38
2015-04-16,5.52
2015-04-17,5.77
2015-04-18,5.52
2015-04-19,5.57
2015-04-20,5.52
2015-04-21,5.52
2015-04-22,5.52
2015-04-23,5.52
2015-04-24,5.43
2015-04-25,5.38
2015-04-26,5.31
2015-04-27,5.4
2015-04-28,5.52
2015-04-29,5.52
2015-04-30,5.57
2015-05-01,5.52
2015-05-02,5.52
2015-05-03,5.52
2015-05-04,5.52
2015-05-05,5.82
2015-05-06,5.77
2015-05-07,5.89
2015-05-08,5.89
2015-05-09,5.82
2015-05-10,5.89
2015-05-11,5.89
2015-05-12,5.89
2015-05-13,6.38
2015-05-14,6.35
2015-05-15,6.62
2015-05-16,6.47
2015-05-17,6.4
2015-05-18,6.25
2015-05-19,6.2
2015-05-20,6.1
2015-05-21,6.1
2015-05-22,6.1
2015-05-23,6.1
2015-05-24,6.44
2015-05-25,6.25
2015-05-26,5.89
2015-05-27,5.89
2015-05-28,5.64
2015-05-29,5.38
2015-05-30,5.31
2015-05-31,5.98
2015-06-01,5.52
2015-06-02,5.43
2015-06-03,5.47
2015-06-04,5.36
2015-06-05,3.93
2015-06-06,3.68
2015-06-07,5.52
2015-06-08,5.52
2015-06-09,5.29
2015-06-10,6.03
2015-06-11,5.73
2015-06-12,4.82
2015-06-13,5.05
2015-06-14,5.17
2015-06-15,5.57
2015-06-16,5.38
2015-06-17,2.64
2015-06-18,1.27
2015-06-19,0.75
2015-06-20,5.65
2015-06-21,5.05
2015-06-22,5.17
2015-06-23,5.17
2015-06-24,5.17
2015-06-25,4.82
2015-06-26,4.94
2015-06-27,5.17
2015-06-28,5.17
2015-06-29,5.77
2015-06-30,5.69
2015-07-01,5.22
2015-07-02,5.12
2015-07-03,5.03
2015-07-04,5.4
2015-07-05,3.59
2015-07-06,5.38
2015-07-07,5.47
2015-07-08,5.52
2015-07-09,5.38
2015-07-10,5.38
2015-07-11,5.38
2015-07-12,5.67
2015-07-13,5.89
2015-07-14,5.67
2015-07-15,5.52
2015-07-16,5.62
2015-07-17,5.52
2015-07-18,5.52
2015-07-19,5.74
2015-07-20,5.62
2015-07-21,5.67
2015-07-22,5.64
2015-07-23,5.74
2015-07-24,5.62
2015-07-25,5.52
2015-07-26,5.52
2015-07-27,5.52
2015-07-28,5.89
2015-07-29,6.47
2015-07-30,6.1
2015-07-31,4.63
2015-08-01,5.71
2015-08-02,5.38
2015-08-03,5.38
2015-08-04,5.38
2015-08-05,5.38
2015-08-06,5.38
2015-08-07,5.38
2015-08-08,6.1
2015-08-09,6.01
2015-08-10,5.94
2015-08-11,5.47
2015-08-12,5.19
2015-08-13,5.17
2015-08-14,5.38
2015-08-15,5.67
2015-08-16,6.1
2015-08-17,5.72
2015-08-18,5.6
2015-08-19,5.52
2015-08-20,5.52
2015-08-21,5.52
2015-08-22,7.25
2015-08-23,6.44
2015-08-24,6.1
2015-08-25,7.62
2015-08-26,7.62
2015-08-27,7.35
2015-08-28,7.09
2015-08-29,4.96
2015-08-30,5.94
2015-09-01,7.46
2015-09-02,6.98
2015-09-03,6.4
2015-09-04,5.67
2015-09-05,5.15
2015-09-06,5.1
2015-09-07,5.1
2015-09-08,3.61
2015-09-09,5.24
2015-09-10,5.63
2015-09-11,5.91
2015-09-12,7.78
2015-09-13,5.67
2015-09-14,4.91
2015-09-15,4.59
2015-09-16,4.44
2015-09-17,4.4
2015-09-18,4.48
2015-09-19,5.54
2015-09-20,6.79
2015-09-21,6.74
2015-09-22,6.83
2015-09-23,6.62
2015-09-24,6.52
2015-09-25,4.68
2015-09-26,4.68
2015-09-27,4.63
2015-09-28,4.85
2015-09-29,6.1
2015-09-30,6.1
2015-10-01,7.78
2015-10-02,7.78
2015-10-03,7.78
2015-10-04,7.38
2015-10-05,7.27
2015-10-06,6.98
2015-10-07,6.98
2015-10-08,6.88
2015-10-09,5.05
2015-10-10,5.29
2015-10-11,5.81
2015-10-12,6.98
2015-10-13,6.98
2015-10-14,7.78
2015-10-15,7.51
2015-10-16,7.62
2015-10-17,7.73
2015-10-18,7.78
2015-10-19,7.78
2015-10-20,7.59
2015-10-21,6.49
2015-10-22,6.25
2015-10-23,6.25
2015-10-24,6.71
2015-10-25,4.17
2015-10-26,6.25
2015-10-27,6.25
2015-10-28,6.25
2015-10-29,7.78
2015-10-30,7.78
2015-11-01,7.78
2015-11-02,7.78
2015-11-03,7.65
2015-11-04,7.78
2015-11-05,7.78
2015-11-06,7.78
2015-11-07,7.78
2015-11-08,7.78
2015-11-09,7.78
2015-11-10,7.78
2015-11-11,7.67
2015-11-12,7.67
2015-11-13,7.78
2015-11-14,7.67
2015-11-15,7.67
2015-11-16,7.46
2015-11-17,6.22
2015-11-18,7.78
2015-11-19,7.78
2015-11-20,7.78
2015-11-21,7.78
2015-11-22,7.78
2015-11-23,7.78
2015-11-24,7.78
2015-11-25,7.78
2015-11-26,7.78
2015-11-27,7.78
2015-11-28,7.78
2015-11-29,4.82
2015-11-30,4.82
2015-12-01,7.78
2015-12-02,7.62
2015-12-03,7.62
2015-12-04,7.62
2015-12-05,7.57
2015-12-06,7.51
2015-12-07,7.11
2015-12-08,6.54
2015-12-09,6.35
2015-12-10,7.14
2015-12-11,6.83
2015-12-12,6.54
2015-12-13,5.86
2015-12-14,6.1
2015-12-15,6.1
2015-12-16,5.89
2015-12-17,6.1
2015-12-18,5.84
2015-12-19,6.1
2015-12-20,6.01
2015-12-21,5.67
2015-12-22,5.67
2015-12-23,5.89
2015-12-24,5.24
2015-12-25,5.17
2015-12-26,4.98
2015-12-27,5.1
2015-12-28,5.18
2016-01-01,3.96
2016-01-02,4.99
2016-01-03,4.3
2016-01-04,4.29
2016-01-05,4.59
2016-01-06,4.68
2016-01-07,6.06
2016-01-08,6.9
2016-01-09,7.16
2016-01-10,7.62
2016-01-11,7.78
2016-01-12,7.78
2016-01-13,7.78
2016-01-14,7.51
2016-01-15,6.86
2016-01-16,6.13
2016-01-17,3.75
2016-01-18,5.38
2016-01-19,5.43
2016-01-20,5.43
2016-01-21,5.47
2016-01-22,5.38
2016-01-23,5.38
2016-01-24,4.95
2016-01-25,5.17
2016-01-26,6.01
2016-01-27,5.65
2016-01-28,4.88
2016-01-29,4.66
2016-01-30,5.43
2016-01-31,5.38
2016-02-01,4.88
2016-02-02,4.81
2016-02-03,4.66
2016-02-04,4.59
2016-02-05,6.66
2016-02-06,5.43
2016-02-07,5.19
2016-02-08,4.73
2016-02-09,4.73
2016-02-10,4.73
2016-02-11,4.49
2016-02-12,4.43
2016-02-13,5.05
2016-02-14,2.67
2016-02-15,3.38
2016-02-16,3.38
2016-02-17,4.11
2016-02-18,4.59
2016-02-19,4.44
2016-02-20,4.35
2016-02-21,1.45
2016-02-22,0.0
2016-02-23,0.0
2016-02-24,0.0
2016-02-25,0.0
2016-02-26,7.46
2016-02-27,6.8
2016-02-28,5.62
2016-02-29,4.67
2016-03-01,4.82
2016-03-02,4.76
2016-03-03,5.17
2016-03-04,5.91
2016-03-05,7.67
2016-03-06,7.73
2016-03-07,7.73
2016-03-08,7.67
2016-03-09,7.62
2016-03-10,7.62
2016-03-11,7.78
2016-03-12,7.78
2016-03-13,5.13
2016-03-14,7.78
2016-03-15,7.78
2016-03-16,7.78
2016-03-17,7.78
2016-03-18,7.78
2016-03-19,7.78
2016-03-20,7.78
2016-03-21,7.78
2016-03-22,7.78
2016-03-23,6.09
2016-03-24,7.78
2016-03-25,7.57
2016-03-26,7.02
2016-03-27,4.41
2016-03-28,6.83
2016-03-29,6.93
2016-03-30,7.78
2016-03-31,7.78
2016-04-01,7.73
2016-04-02,7.67
2016-04-03,7.78
2016-04-04,7.78
2016-04-05,7.78
2016-04-06,7.78
2016-04-07,7.78
2016-04-08,7.78
2016-04-09,7.78
2016-04-10,7.78
2016-04-11,7.78
2016-04-12,7.78
2016-04-13,7.78
2016-04-14,7.78
2016-04-15,7.78
2016-04-16,7.78
2016-04-17,7.78
2016-04-18,7.78
2016-04-19,7.78
2016-04-20,7.78
2016-04-21,7.78
2016-04-22,7.78
2016-04-23,7.78
2016-04-24,7.78
2016-04-25,7.73
2016-04-26,7.78
2016-04-27,7.78
2016-04-28,7.78
2016-04-29,7.78
2016-04-30,7.78
2016-05-01,7.78
2016-05-02,7.78
2016-05-03,7.78
2016-05-04,7.62
2016-05-05,7.78
2016-05-06,7.78
2016-05-07,7.78
2016-05-08,7.78
2016-05-09,7.03
2016-05-10,7.78
2016-05-11,7.78
2016-05-12,7.78
2016-05-13,7.78
2016-05-14,7.78
2016-05-15,7.78
2016-05-16,7.78
2016-05-17,7.78
2016-05-18,7.78
2016-05-19,7.78
2016-05-20,7.78
2016-05-21,7.73
2016-05-22,7.78
2016-05-23,7.78
2016-05-24,7.78
2016-05-25,7.78
2016-05-26,7.78
2016-05-27,7.78
2016-05-28,7.78
2016-05-29,7.78
2016-05-30,7.78
2016-05-31,6.03
2016-06-01,7.78
2016-06-02,7.78
2016-06-03,7.78
2016-06-04,7.78
2016-06-05,7.78
2016-06-06,6.69
2016-06-07,5.84
2016-06-08,6.52
2016-06-09,7.78
2016-06-10,7.78
2016-06-11,7.78
2016-06-12,7.78
2016-06-13,7.78
2016-06-14,7.78
2016-06-15,7.78
2016-06-16,7.78
2016-06-17,7.78
2016-06-18,7.78
2016-06-19,7.78
2016-06-20,7.78
2016-06-21,7.78
2016-06-22,7.78
2016-06-23,7.78
2016-06-24,7.78
2016-06-25,7.78
2016-06-26,7.78
2016-06-27,7.78
2016-06-28,7.78
2016-06-29,7.78
2016-06-30,7.78
2016-07-01,7.16
2016-07-02,7.78
2016-07-03,7.78
2016-07-04,7.78
2016-07-05,7.78
2016-07-06,7.78
2016-07-07,7.78
2016-07-08,7.78
2016-07-09,7.78
2016-07-10,5.19
2016-07-11,7.78
2016-07-12,6.88
2016-07-13,6.62
2016-07-14,6.62
2016-07-15,6.62
2016-07-16,6.62
2016-07-17,6.62
2016-07-18,6.62
2016-07-19,6.54
2016-07-20,5.63
2016-07-21,5.38
2016-07-22,5.96
2016-07-23,6.25
2016-07-24,7.78
2016-07-25,7.78
2016-07-26,7.78
2016-07-27,7.78
2016-07-28,7.78
2016-07-29,7.78
2016-07-30,6.1
2016-07-31,7.78
2016-08-01,5.62
2016-08-02,1.05
2016-08-03,1.01
2016-08-04,1.98
2016-08-05,0.41
2016-08-06,0.46
2016-08-07,0.44
2016-08-08,0.38
2016-08-09,0.45
2016-08-10,0.69
2016-08-11,0.76
2016-08-12,2.96
2016-08-13,7.62
2016-08-14,7.14
2016-08-15,6.81
2016-08-16,6.62
2016-08-17,6.25
2016-08-18,6.35
2016-08-19,6.35
2016-08-20,6.25
2016-08-21,5.48
2016-08-22,4.91
2016-08-23,6.64
2016-08-24,6.62
2016-08-25,6.62
2016-08-26,6.62
2016-08-27,6.69
2016-08-28,6.83
2016-08-29,5.29
2016-08-30,6.2
2016-09-01,7.22
2016-09-02,7.73
2016-09-03,7.38
2016-09-04,6.01
2016-09-05,5.89
2016-09-06,5.57
2016-09-07,7.67
2016-09-08,7.62
2016-09-09,6.98
2016-09-10,7.78
2016-09-11,7.78
2016-09-12,7.78
2016-09-13,7.78
2016-09-14,7.78
2016-09-15,7.78
2016-09-16,7.65
2016-09-17,7.67
2016-09-18,7.62
2016-09-19,7.54
2016-09-20,7.11
2016-09-21,6.25
2016-09-22,5.71
2016-09-23,6.15
2016-09-24,6.37
2016-09-25,7.75
2016-09-26,7.38
2016-09-27,7.38
2016-09-28,6.25
2016-09-29,5.94
2016-09-30,7.95
2016-10-01,7.67
2016-10-02,7.78
2016-10-03,7.78
2016-10-04,7.78
2016-10-05,7.78
2016-10-06,7.78
2016-10-07,5.19
2016-10-08,2.59
2016-10-09,7.78
2016-10-10,7.78
2016-10-11,7.78
2016-10-12,7.78
2016-10-13,7.78
2016-10-14,7.78
2016-10-15,7.78
2016-10-16,7.78
2016-10-17,7.73
2016-10-18,7.62
2016-10-19,7.46
2016-10-20,6.4
2016-10-21,6.4
2016-10-22,6.69
2016-10-23,7.78
2016-10-24,7.67
2016-10-25,7.78
2016-10-26,7.78
2016-10-27,5.19
2016-10-28,7.78
2016-10-29,7.78
2016-10-30,7.78
2016-11-01,7.78
2016-11-02,7.78
2016-11-03,7.78
2016-11-04,7.78
2016-11-05,7.78
2016-11-06,7.78
2016-11-07,7.78
2016-11-08,7.78
2016-11-09,7.78
2016-11-10,7.78
2016-11-11,7.78
2016-11-12,7.78
2016-11-13,7.78
2016-11-14,7.78
2016-11-15,7.78
2016-11-16,7.78
2016-11-17,7.78
2016-11-18,7.78
2016-11-19,7.62
2016-11-20,7.73
2016-11-21,7.78
2016-11-22,7.78
2016-11-23,7.78
2016-11-24,7.78
2016-11-25,7.78
2016-11-26,7.78
2016-11-27,7.78
2016-11-28,7.78
2016-11-29,7.78
2016-11-30,7.78
2016-12-01,7.78
2016-12-02,7.78
2016-12-03,7.78
2016-12-04,7.78
2016-12-05,7.78
2016-12-06,7.78
2016-12-07,7.78
2016-12-08,7.78
2016-12-09,7.78
2016-12-10,7.78
2016-12-11,7.78
2016-12-12,7.78
2016-12-13,7.78
2016-12-14,7.78
2016-12-15,7.78
2016-12-16,7.78
2016-12-17,7.78
2016-12-18,7.78
2016-12-19,7.78
2016-12-20,7.78
2016-12-21,7.11
2016-12-22,7.65
2016-12-23,7.78
2016-12-24,7.78
2016-12-25,7.78
2016-12-26,7.78
2016-12-27,7.78
2016-12-28,5.85
2016-12-29,7.78
2017-01-01,7.78
2017-01-02,7.78
2017-01-03,7.78
2017-01-04,7.78
2017-01-05,7.78
2017-01-06,7.78
2017-01-07,7.78
2017-01-08,7.78
2017-01-09,7.78
2017-01-10,7.78
2017-01-11,7.78
2017-01-12,7.78
2017-01-13,7.67
2017-01-14,4.8
2017-01-15,7.65
2017-01-16,7.78
2017-01-17,7.78
2017-01-18,6.91
2017-01-19,7.78
2017-01-20,7.78
2017-01-21,2.59
2017-01-22,8.39
2017-01-23,7.78
2017-01-24,7.78
2017-01-25,7.78
2017-01-26,5.19
2017-01-27,7.78
2017-01-28,7.78
2017-01-29,5.19
2017-01-30,7.78
2017-01-31,7.78
2017-02-01,7.78
2017-02-02,7.78
2017-02-03,7.78
2017-02-04,7.78
2017-02-05,7.78
2017-02-06,7.78
2017-02-07,7.78
2017-02-08,7.78
2017-02-09,7.78
2017-02-10,5.19
2017-02-11,7.78
2017-02-12,7.65
2017-02-13,5.19
2017-02-14,7.78
2017-02-15,7.78
2017-02-16,7.78
2017-02-17,7.78
2017-02-18,5.19
2017-02-19,7.78
2017-02-20,7.78
2017-02-21,7.78
2017-02-22,7.78
2017-02-23,7.78
2017-02-24,7.78
2017-02-25,5.19
2017-02-26,7.78
2017-02-27,7.78
2017-02-28,7.78
2017-03-01,7.78
2017-03-02,7.78
2017-03-03,6.74
2017-03-04,6.42
2017-03-05,6.49
2017-03-06,6.98
2017-03-07,5.13
2017-03-08,7.75
2017-03-09,7.78
2017-03-10,7.78
2017-03-11,7.75
2017-03-12,7.78
2017-03-13,7.78
2017-03-14,7.78
2017-03-15,7.78
2017-03-16,7.92
2017-03-17,5.46
2017-03-18,6.44
2017-03-19,6.57
2017-03-20,6.74
2017-03-21,7.2
2017-03-22,7.2
2017-03-23,7.78
2017-03-24,7.78
2017-03-25,7.78
2017-03-26,7.75
2017-03-27,7.78
2017-03-28,7.78
2017-03-29,7.78
2017-03-30,7.78
2017-03-31,7.78
2017-04-01,7.78
2017-04-02,7.78
2017-04-03,7.78
2017-04-04,7.78
2017-04-05,7.78
2017-04-06,7.78
2017-04-07,7.78
2017-04-08,7.78
2017-04-09,7.78
2017-04-10,7.78
2017-04-11,7.78
2017-04-12,7.78
2017-04-13,7.78
2017-04-14,7.78
2017-04-15,7.78
2017-04-16,7.78
2017-04-17,7.78
2017-04-18,7.78
2017-04-19,7.78
2017-04-20,7.27
2017-04-21,7.78
2017-04-22,7.78
2017-04-23,7.78
2017-04-24,7.78
2017-04-25,7.78
2017-04-26,7.78
2017-04-27,7.78
2017-04-28,7.78
2017-04-29,7.78
2017-04-30,7.78
2017-05-01,7.78
2017-05-02,7.78
2017-05-03,7.78
2017-05-04,7.78
2017-05-05,7.78
2017-05-06,7.78
2017-05-07,5.19
2017-05-08,7.78
2017-05-09,7.78
2017-05-10,7.78
2017-05-11,7.78
2017-05-12,7.78
2017-05-13,7.78
2017-05-14,7.78
2017-05-15,7.78
2017-05-16,7.78
2017-05-17,7.78
2017-05-18,7.78
2017-05-19,7.78
2017-05-20,7.78
2017-05-21,7.78
2017-05-22,7.78
2017-05-23,7.78
2017-05-24,7.78
2017-05-25,7.78
2017-05-26,7.78
2017-05-27,7.78
2017-05-28,7.78
2017-05-29,7.78
2017-05-30,7.78
2017-05-31,0.0
2017-06-01,7.78
2017-06-02,7.78
2017-06-03,7.78
2017-06-04,7.78
2017-06-05,7.78
2017-06-06,7.78
2017-06-07,7.78
2017-06-08,7.78
2017-06-09,7.78
2017-06-10,7.78
2017-06-11,7.78
2017-06-12,7.78
2017-06-13,7.9
2017-06-14,7.78
2017-06-15,7.78
2017-06-16,7.78
2017-06-17,7.78
2017-06-18,7.78
2017-06-19,7.78
2017-06-20,7.78
2017-06-21,7.78
2017-06-22,7.78
2017-06-23,7.78
2017-06-24,7.78
2017-06-25,7.78
2017-06-26,7.78
2017-06-27,7.78
2017-06-28,7.78
2017-06-29,7.78
2017-06-30,7.78
2017-07-01,7.78
2017-07-02,7.78
2017-07-03,7.78
2017-07-04,7.78
2017-07-05,7.78
2017-07-06,7.78
2017-07-07,7.78
2017-07-08,7.78
2017-07-09,7.78
2017-07-10,7.78
2017-07-11,7.78
2017-07-12,7.78
2017-07-13,7.78
2017-07-14,7.78
2017-07-15,7.78
2017-07-16,7.78
2017-07-17,7.78
2017-07-18,7.78
2017-07-19,7.78
2017-07-20,7.78
2017-07-21,7.78
2017-07-22,7.78
2017-07-23,7.78
2017-07-24,7.78
2017-07-25,7.78
2017-07-26,7.78
2017-07-27,7.78
2017-07-28,7.78
2017-07-29,0.0
2017-07-30,0.0
2017-07-31,1.08
2017-08-01,5.38
2017-08-02,5.52
2017-08-03,5.52
2017-08-04,6.98
2017-08-05,7.78
2017-08-06,7.78
2017-08-07,7.78
2017-08-08,0.99
2017-08-09,1.69
2017-08-10,1.33
2017-08-11,1.44
2017-08-12,1.62
2017-08-13,1.49
2017-08-14,5.66
2017-08-15,7.78
2017-08-16,7.78
2017-08-17,7.78
2017-08-18,7.78
2017-08-19,7.78
2017-08-20,7.78
2017-08-21,7.78
2017-08-22,7.78
2017-08-23,7.78
2017-08-24,7.78
2017-08-25,7.78
2017-08-26,7.78
2017-08-27,7.78
2017-08-28,2.59
2017-08-29,7.78
2017-08-30,7.78
2017-09-01,0.0
2017-09-02,0.0
2017-09-03,0.0
2017-09-04,7.73
2017-09-05,2.59
2017-09-06,0.0
2017-09-07,7.54
2017-09-08,7.62
2017-09-09,7.62
2017-09-10,7.62
2017-09-11,7.62
2017-09-12,7.62
2017-09-13,7.62
2017-09-14,7.62
2017-09-15,7.67
2017-09-16,7.78
2017-09-17,7.78
2017-09-18,7.78
2017-09-19,7.73
2017-09-20,7.62
2017-09-21,7.62
2017-09-22,7.62
2017-09-23,7.14
2017-09-24,7.67
2017-09-25,7.73
2017-09-26,7.78
2017-09-27,7.78
2017-09-28,7.78
2017-09-29,7.78
2017-09-30,7.78
2017-10-01,7.78
2017-10-02,7.78
2017-10-03,7.78
2017-10-04,7.78
2017-10-05,7.78
2017-10-06,7.78
2017-10-07,7.78
2017-10-08,7.78
2017-10-09,7.78
2017-10-10,7.78
2017-10-11,7.78
2017-10-12,0.0
2017-10-13,2.59
2017-10-14,7.78
2017-10-15,7.78
2017-10-16,7.78
2017-10-17,7.75
2017-10-18,7.65
2017-10-19,7.62
2017-10-20,7.62
2017-10-21,7.46
2017-10-22,7.54
2017-10-23,7.75
2017-10-24,7.78
2017-10-25,7.78
2017-10-26,7.78
2017-10-27,7.78
2017-10-28,7.78
2017-10-29,7.78
2017-10-30,0.0
2017-11-01,7.78
2017-11-02,7.78
2017-11-03,7.78
2017-11-04,7.51
2017-11-05,7.78
2017-11-06,7.78
2017-11-07,7.78
2017-11-08,7.78
2017-11-09,2.83
2017-11-10,7.78
2017-11-11,7.78
2017-11-12,5.19
2017-11-13,7.78
2017-11-14,7.78
2017-11-15,5.19
2017-11-16,5.19
2017-11-17,0.0
2017-11-18,7.78
2017-11-19,7.78
2017-11-20,7.78
2017-11-21,7.78
2017-11-22,7.73
2017-11-23,7.78
2017-11-24,7.78
2017-11-25,7.78
2017-11-26,5.19
2017-11-27,7.78
2017-11-28,7.78
2017-11-29,1.2
2017-11-30,2.55
2017-12-01,0.69
2017-12-02,0.73
2017-12-03,1.08
2017-12-04,1.11
2017-12-05,0.98
2017-12-06,1.13
2017-12-07,1.08
2017-12-08,1.13
2017-12-09,1.13
2017-12-10,1.13
2017-12-11,1.13
2017-12-12,0.52
2017-12-13,1.02
2017-12-14,1.13
2017-12-15,1.01
2017-12-16,1.01
2017-12-17,1.15
2017-12-18,1.13
2017-12-19,1.13
2017-12-20,1.13
2017-12-21,1.13
2017-12-22,1.13
2017-12-23,1.18
2017-12-24,1.13
2017-12-25,1.15
2017-12-26,1.13
2017-12-27,1.13
2017-12-28,1.11
2018-01-01,1.06
2018-01-02,1.08
2018-01-03,1.08
2018-01-04,1.15
2018-01-05,1.13
2018-01-06,1.13
2018-01-07,1.13
2018-01-08,1.01
2018-01-09,1.13
2018-01-10,1.05
2018-01-11,1.18
2018-01-12,1.03
2018-01-13,0.96
2018-01-14,0.96
2018-01-15,0.97
2018-01-16,0.94
2018-01-17,0.99
2018-01-18,1.02
2018-01-19,1.08
2018-01-20,1.11
2018-01-21,1.06
2018-01-22,1.06
2018-01-23,1.06
2018-01-24,1.06
2018-01-25,1.06
2018-01-26,1.03
2018-01-27,1.06
2018-01-28,1.06
2018-01-29,1.03
2018-01-30,0.98
2018-01-31,1.56
2018-02-01,1.45
2018-02-02,1.2
2018-02-03,1.03
2018-02-04,1.13
2018-02-05,1.13
2018-02-06,1.13
2018-02-07,1.13
2018-02-08,1.15
2018-02-09,1.14
2018-02-10,1.13
2018-02-11,1.15
2018-02-12,1.13
2018-02-13,1.13
2018-02-14,1.13
2018-02-15,1.13
2018-02-16,1.15
2018-02-17,1.17
2018-02-18,1.14
2018-02-19,1.19
2018-02-20,0.98
2018-02-21,1.06
2018-02-22,0.98
2018-02-23,1.06
2018-02-24,1.04
2018-02-25,0.96
2018-02-26,0.98
2018-02-27,0.98
2018-02-28,0.96
2018-03-01,1.08
2018-03-02,0.99
2018-03-03,1.04
2018-03-04,1.14
2018-03-05,0.92
2018-03-06,1.27
2018-03-07,1.23
2018-03-08,1.25
2018-03-09,1.15
2018-03-10,1.13
2018-03-11,1.06
2018-03-12,1.06
2018-03-13,1.06
2018-03-14,1.06
2018-03-15,1.36
2018-03-16,1.39
2018-03-17,1.37
2018-03-18,1.42
2018-03-19,1.37
2018-03-20,1.3
2018-03-21,1.27
2018-03-22,1.04
2018-03-23,1.18
2018-03-24,1.03
2018-03-25,0.91
2018-03-26,1.01
2018-03-27,0.92
2018-03-28,0.79
2018-03-29,1.49
2018-03-30,1.42
2018-03-31,7.78
2018-04-01,0.96
2018-04-02,0.96
2018-04-03,0.98
2018-04-04,1.01
2018-04-05,1.08
2018-04-06,0.92
2018-04-07,0.88
2018-04-08,1.0
2018-04-09,1.01
2018-04-10,1.03
2018-04-11,1.2
2018-04-12,1.17
2018-04-13,1.18
2018-04-14,1.73
2018-04-15,1.37
2018-04-16,1.47
2018-04-17,1.42
2018-04-18,1.42
2018-04-19,1.42
2018-04-20,1.2
2018-04-21,1.44
2018-04-22,1.47
2018-04-23,3.25
2018-04-24,3.45
2018-04-25,1.64
2018-04-26,1.52
2018-04-27,1.47
2018-04-28,1.42
2018-04-29,7.78
2018-04-30,7.78
2018-05-01,1.42
2018-05-02,1.42
2018-05-03,1.37
2018-05-04,1.37
2018-05-05,1.44
2018-05-06,1.44
2018-05-07,1.49
2018-05-08,1.18
2018-05-09,1.23
2018-05-10,1.52
2018-05-11,1.51
2018-05-12,1.31
2018-05-13,1.27
2018-05-14,1.25
2018-05-15,1.04
2018-05-16,1.13
2018-05-17,1.14
2018-05-18,1.08
2018-05-19,1.2
2018-05-20,1.08
2018-05-21,3.35
2018-05-22,6.02
2018-05-23,5.63
2018-05-24,6.95
2018-05-25,7.73
2018-05-26,7.78
2018-05-27,7.78
2018-05-28,7.78
2018-05-29,0.25
2018-05-30,0.35
2018-05-31,7.78
2018-06-01,7.73
2018-06-02,7.78
2018-06-03,5.35
2018-06-04,7.78
2018-06-05,7.9
2018-06-06,7.78
2018-06-07,7.78
2018-06-08,7.78
2018-06-09,7.78
2018-06-10,7.78
2018-06-11,7.78
2018-06-12,7.78
2018-06-13,7.78
2018-06-14,7.78
2018-06-15,7.78
2018-06-16,0.0
2018-06-17,0.0
2018-06-18,0.0
2018-06-19,0.0
2018-06-20,0.0
2018-06-21,0.0
2018-06-22,0.0
2018-06-23,0.0
2018-06-24,0.0
2018-06-25,0.0
2018-06-26,0.0
2018-06-27,0.07
2018-06-28,0.49
2018-06-29,8.19
2018-06-30,8.13
2018-07-01,0.62
2018-07-02,0.61
2018-07-03,0.62
2018-07-04,0.78
2018-07-05,0.78
2018-07-06,0.76
2018-07-07,0.78
2018-07-08,0.76
2018-07-09,0.85
2018-07-10,0.98
2018-07-11,0.88
2018-07-12,0.71
2018-07-13,0.3
2018-07-14,2.34
2018-07-15,6.83
2018-07-16,8.1
2018-07-17,8.1
2018-07-18,8.04
2018-07-19,7.95
2018-07-20,7.95
2018-07-21,7.95
2018-07-22,7.95
2018-07-23,8.04
2018-07-24,8.16
2018-07-25,7.78
2018-07-26,7.78
2018-07-27,8.01
2018-07-28,8.13
2018-07-29,8.19
2018-07-30,8.13
2018-07-31,7.95
2018-08-01,8.07
2018-08-02,7.95
2018-08-03,7.9
2018-08-04,7.95
2018-08-05,7.95
2018-08-06,7.78
2018-08-07,7.78
2018-08-08,7.78
2018-08-09,7.78
2018-08-10,7.78
2018-08-11,7.78
2018-08-12,7.62
2018-08-13,7.78
2018-08-14,7.78
2018-08-15,7.78
2018-08-16,7.62
2018-08-17,7.62
2018-08-18,7.57
2018-08-19,7.46
2018-08-20,7.03
2018-08-21,6.88
2018-08-22,6.54
2018-08-23,6.54
2018-08-24,6.54
2018-08-25,6.25
2018-08-26,6.25
2018-08-27,4.31
2018-08-28,6.66
2018-08-29,6.93
2018-08-30,7.11
2018-09-01,7.78
2018-09-02,7.78
2018-09-03,7.78
2018-09-04,7.78
2018-09-05,8.01
2018-09-06,7.9
2018-09-07,7.78
2018-09-08,7.78
2018-09-09,7.67
2018-09-10,7.73
2018-09-11,7.62
2018-09-12,7.51
2018-09-13,7.62
2018-09-14,8.04
2018-09-15,8.13
2018-09-16,8.24
2018-09-17,8.07
2018-09-18,7.95
2018-09-19,7.87
2018-09-20,7.27
2018-09-21,7.62
2018-09-22,7.62
2018-09-23,7.57
2018-09-24,7.3
2018-09-25,7.3
2018-09-26,7.09
2018-09-27,7.14
2018-09-28,7.11
2018-09-29,8.01
2018-09-30,8.13
2018-10-01,7.35
2018-10-02,7.25
2018-10-03,7.84
2018-10-04,7.84
2018-10-05,7.78
2018-10-06,7.78
2018-10-07,7.95
2018-10-08,8.01
2018-10-09,7.98
2018-10-10,7.95
2018-10-11,7.9
2018-10-12,7.98
2018-10-13,7.95
2018-10-14,7.9
2018-10-15,7.95
2018-10-16,7.95
2018-10-17,7.95
2018-10-18,6.6
2018-10-19,7.78
2018-10-20,7.95
2018-10-21,5.53
2018-10-22,8.3
2018-10-23,7.96
2018-10-24,7.9
2018-10-25,7.95
2018-10-26,8.07
2018-10-27,8.01
2018-10-28,7.95
2018-10-29,7.9
2018-10-30,7.95
2018-11-01,7.9
2018-11-02,6.72
2018-11-03,8.01
2018-11-04,7.73
2018-11-05,8.07
2018-11-06,7.84
2018-11-07,7.95
2018-11-08,7.9
2018-11-09,8.01
2018-11-10,8.07
2018-11-11,8.01
2018-11-12,7.95
2018-11-13,7.95
2018-11-14,7.95
2018-11-15,7.95
2018-11-16,7.95
2018-11-17,7.95
2018-11-18,7.95
2018-11-19,5.86
2018-11-20,8.01
2018-11-21,8.04
2018-11-22,7.95
2018-11-23,7.95
2018-11-24,7.95
2018-11-25,7.95
2018-11-26,6.72
2018-11-27,7.95
2018-11-28,7.78
2018-11-29,7.95
2018-11-30,7.95
2018-12-01,7.95
2018-12-02,5.3
2018-12-03,7.9
2018-12-04,7.95
2018-12-05,8.01
2018-12-06,8.01
2018-12-07,4.43
2018-12-08,5.64
2018-12-09,7.84
2018-12-10,7.95
2018-12-11,7.95
2018-12-12,7.95
2018-12-13,7.95
2018-12-14,7.95
2018-12-15,7.95
2018-12-16,7.95
2018-12-17,5.93
2018-12-18,7.95
2018-12-19,7.95
2018-12-20,7.95
2018-12-21,7.95
2018-12-22,7.95
2018-12-23,7.95
2018-12-24,7.95
2018-12-25,7.95
2018-12-26,7.95
2018-12-27,7.95
2018-12-28,7.95
2019-01-01,7.95
2019-01-02,7.73
2019-01-03,7.46
2019-01-04,7.03
2019-01-05,6.93
2019-01-06,6.98
2019-01-07,7.95
2019-01-08,7.78
2019-01-09,7.95
2019-01-10,7.9
2019-01-11,7.9
2019-01-12,7.84
2019-01-13,7.9
2019-01-14,7.78
2019-01-15,4.86
2019-01-16,7.46
2019-01-17,7.46
2019-01-18,6.98
2019-01-19,6.98
2019-01-20,7.09
2019-01-21,7.78
2019-01-22,7.17
2019-01-23,6.79
2019-01-24,6.4
2019-01-25,6.25
2019-01-26,6.3
2019-01-27,6.49
2019-01-28,7.3
2019-01-29,7.73
2019-01-30,7.62
2019-01-31,7.62
2019-02-01,7.84
2019-02-02,7.62
2019-02-03,7.07
2019-02-04,6.71
2019-02-05,6.49
2019-02-06,6.4
2019-02-07,6.59
2019-02-08,7.57
2019-02-09,6.98
2019-02-10,6.83
2019-02-11,6.98
2019-02-12,6.83
2019-02-13,6.69
2019-02-14,6.54
2019-02-15,6.25
2019-02-16,6.35
2019-02-17,6.25
2019-02-18,6.4
2019-02-19,6.66
2019-02-20,7.41
2019-02-21,7.09
2019-02-22,7.17
2019-02-23,7.15
2019-02-24,7.92
2019-02-25,8.1
2019-02-26,7.95
2019-02-27,8.04
2019-02-28,8.1
2019-03-01,8.07
2019-03-02,8.19
2019-03-03,8.07
2019-03-04,7.78
2019-03-05,8.07
2019-03-06,8.07
2019-03-07,7.78
2019-03-08,7.78
2019-03-09,7.78
2019-03-10,7.78
2019-03-11,7.78
2019-03-12,7.78
2019-03-13,7.73
2019-03-14,7.78
2019-03-15,7.51
2019-03-16,7.41
2019-03-17,7.3
2019-03-18,7.3
2019-03-19,7.9
2019-03-20,7.9
2019-03-21,8.13
2019-03-22,7.95
2019-03-23,8.01
2019-03-24,7.95
2019-03-25,8.01
2019-03-26,7.84
2019-03-27,7.78
2019-03-28,7.78
2019-03-29,8.07
2019-03-30,8.07
2019-04-01,7.9
2019-04-02,7.73
2019-04-03,5.3
2019-04-04,5.3
2019-04-05,8.13
2019-04-06,2.76
2019-04-07,7.95
2019-04-08,8.01
2019-04-09,8.07
2019-04-10,8.13
2019-04-11,8.07
2019-04-12,7.95
2019-04-13,7.95
2019-04-14,7.95
2019-04-15,7.95
2019-04-16,7.95
2019-04-17,7.95
2019-04-18,7.95
2019-04-19,8.01
2019-04-20,8.07
2019-04-21,8.01
2019-04-22,5.3
2019-04-23,7.95
2019-04-24,8.01
2019-04-25,7.95
2019-04-26,7.95
2019-04-27,7.95
2019-04-28,7.95
2019-05-29,7.95
2019-05-30,7.95
2019-05-31,6.3
2019-06-13,8.13
2019-06-14,8.01
2019-06-15,8.13
2019-06-16,8.13
2019-06-17,8.07
2019-06-18,8.13
2019-06-19,8.13
2019-06-20,8.13
2019-06-21,8.13
2019-06-22,8.13
2019-06-23,8.01
2019-06-24,8.13
2019-06-25,8.07
2019-06-26,8.07
2019-06-27,8.13
2019-06-28,8.01
2019-06-29,7.95
2019-06-30,7.95
2019-07-01,7.95
2019-07-02,7.54
2019-07-03,5.57
2019-07-04,5.38
2019-07-05,6.89
2019-07-06,7.78
2019-07-07,7.62
2019-07-08,7.51
2019-07-09,6.2
2019-07-10,6.03
2019-07-11,4.66
2019-07-12,7.95
2019-07-13,7.95
2019-07-14,7.95
2019-07-15,7.95
2019-07-16,7.95
2019-07-17,7.95
2019-07-18,7.19
2019-07-19,7.19
2019-07-20,7.73
2019-07-21,7.73
2019-07-22,7.78
2019-07-23,8.07
2019-07-24,7.95
2019-07-25,7.9
2019-07-26,7.95
2019-07-27,7.95
2019-07-28,7.95
2019-07-29,7.42
2019-07-30,6.4
2019-07-31,7.76
2019-08-01,7.62
2019-08-02,7.62
2019-08-03,7.62
2019-08-04,8.01
2019-08-05,8.13
2019-08-06,7.9
2019-08-07,7.57
2019-08-08,6.89
2019-08-09,7.84
2019-08-10,7.41
2019-08-11,6.83
2019-08-12,7.95
2019-08-13,7.95
2019-08-14,5.03
2019-08-15,5.92
2019-08-16,6.54
2019-08-17,5.71
2019-08-18,5.19
2019-08-19,4.91
2019-08-20,4.96
2019-08-21,4.74
2019-08-22,4.33
2019-08-23,4.25
2019-08-24,4.15
2019-08-25,4.78
2019-08-26,4.15
2019-08-27,5.36
2019-08-28,6.4
2019-08-29,5.24
2019-08-30,6.27
2019-09-01,6.25
2019-09-02,6.2
2019-09-03,5.86
2019-09-04,5.67
2019-09-05,5.67
2019-09-06,5.67
2019-09-07,5.47
2019-09-08,5.22
2019-09-09,5.01
2019-09-10,5.1
2019-09-11,5.17
2019-09-12,5.17
2019-09-13,5.29
2019-09-14,5.24
2019-09-15,5.29
2019-09-16,5.38
2019-09-17,5.52
2019-09-18,7.06
2019-09-19,7.84
2019-09-20,7.78
2019-09-21,6.93
2019-09-22,6.62
2019-09-23,6.25
2019-09-24,5.52
2019-09-25,5.81
2019-09-26,6.41
2019-09-27,5.29
2019-09-28,5.33
2019-09-29,6.1
2019-09-30,5.69
2019-10-01,7.78
2019-10-02,6.88
2019-10-03,7.52
2019-10-04,7.57
2019-10-05,6.54
2019-10-06,6.64
2019-10-07,6.4
2019-10-08,5.57
2019-10-09,6.06
2019-10-10,5.22
2019-10-11,5.05
2019-10-12,4.78
2019-10-13,4.71
2019-10-14,4.74
2019-10-15,4.63
2019-10-16,5.05
2019-10-17,5.43
2019-10-18,6.35
2019-10-19,7.95
2019-10-20,7.67
2019-10-21,7.46
2019-10-22,7.2
2019-10-23,7.84
2019-10-24,7.9
2019-10-25,7.67
2019-10-26,7.17
2019-10-27,6.3
2019-10-28,6.1
2019-10-29,7.78
2019-10-30,7.78
2019-11-01,6.01
2019-11-02,7.02
2019-11-03,7.62
2019-11-04,7.67
2019-11-05,7.09
2019-11-06,6.69
2019-11-07,7.35
2019-11-08,6.57
2019-11-09,6.79
2019-11-10,7.65
2019-11-11,7.95
2019-11-12,8.07
2019-11-13,8.01
2019-11-14,7.9
2019-11-15,5.19
2019-11-16,7.51
2019-11-17,7.78
2019-11-18,7.9
2019-11-19,7.78
2019-11-20,7.78
2019-11-21,7.95
2019-11-22,7.78
2019-11-23,7.78
2019-11-24,7.78
2019-11-25,7.78
2019-11-26,7.62
2019-11-27,5.08
2019-11-28,7.62
2019-11-29,7.73
2019-11-30,7.78
2019-12-01,7.95
2019-12-02,7.95
2019-12-03,3.76
2019-12-04,5.62
2019-12-05,6.24
2019-12-06,7.78
2019-12-07,7.84
2019-12-08,7.9
2019-12-09,8.07
2019-12-10,7.78
2019-12-11,7.78
2019-12-12,7.78
2019-12-13,8.01
2019-12-14,7.63
2019-12-15,7.95
2019-12-16,7.95
2019-12-17,7.95
2019-12-18,7.95
2019-12-19,7.95
2019-12-20,7.95
2019-12-21,7.95
2019-12-22,7.95
2019-12-23,7.95
2019-12-24,7.95
2019-12-25,7.95
2019-12-26,7.95
2019-12-27,7.95
2019-12-28,7.78
2020-01-01,7.82
2020-01-02,7.78
2020-01-03,7.95
2020-01-04,7.9
2020-01-05,7.95
2020-01-06,7.95
2020-01-07,7.9
2020-01-08,7.78
2020-01-09,7.78
2020-01-10,7.78
2020-01-11,7.78
2020-01-12,7.78
2020-01-13,7.59
2020-01-14,7.43
2020-01-15,7.62
2020-01-16,7.3
2020-01-17,6.83
2020-01-18,6.69
2020-01-19,6.54
2020-01-20,6.54
2020-01-21,8.07
2020-01-22,7.9
2020-01-23,8.01
2020-01-24,7.73
2020-01-25,7.35
2020-01-26,7.35
2020-01-27,7.35
2020-01-28,7.78
2020-01-29,5.87
2020-01-30,6.93
2020-01-31,6.79
2020-02-01,6.59
2020-02-02,6.44
2020-02-03,5.34
2020-02-04,4.87
2020-02-05,4.63
2020-02-06,4.59
2020-02-07,4.59
2020-02-08,4.59
2020-02-09,6.2
2020-02-10,6.3
2020-02-11,5.88
2020-02-12,5.38
2020-02-13,5.38
2020-02-14,5.24
2020-02-15,5.17
2020-02-16,5.17
2020-02-17,4.96
2020-02-18,4.75
2020-02-19,4.52
2020-02-20,4.71
2020-02-21,6.08
2020-02-22,6.88
2020-02-23,7.46
2020-02-24,6.98
2020-02-25,7.57
2020-02-26,5.19
2020-02-27,7.9
2020-02-28,7.84
2020-02-29,7.78
2020-03-01,7.57
2020-03-02,7.78
2020-03-03,7.78
2020-03-04,6.69
2020-03-05,6.4
2020-03-06,6.15
2020-03-07,6.3
2020-03-08,6.15
2020-03-09,6.06
2020-03-10,5.81
2020-03-11,6.54
2020-03-12,6.59
2020-03-13,5.5
2020-03-14,7.06
2020-03-15,5.57
2020-03-16,5.96
2020-03-17,6.54
2020-03-18,6.01
2020-03-19,5.43
2020-03-20,7.0
2020-03-21,7.35
2020-03-22,6.64
2020-03-23,5.76
2020-03-24,6.93
2020-03-25,6.25
2020-03-26,6.64
2020-03-27,7.73
2020-03-28,7.78
2020-03-29,6.59
2020-03-30,6.25
2020-03-31,7.84
2020-04-01,6.69
2020-04-02,7.03
2020-04-03,6.1
2020-04-04,5.76
2020-04-05,5.52
2020-04-06,6.1
2020-04-07,6.01
2020-04-08,5.96
2020-04-09,5.81
2020-04-10,5.43
2020-04-11,5.52
2020-04-12,6.25
2020-04-13,6.89
2020-04-14,7.04
2020-04-15,7.05
2020-04-16,7.9
2020-04-17,7.9
2020-04-18,7.78
2020-04-19,7.41
2020-04-20,6.93
2020-04-21,6.59
2020-04-22,6.49
2020-04-23,6.54
2020-04-24,7.1
2020-04-25,7.04
2020-04-26,7.3
2020-04-27,6.49
2020-04-28,6.4
2020-04-29,6.35
2020-04-30,7.9
2020-05-01,7.03
2020-05-02,6.98
2020-05-03,7.09
2020-05-04,6.64
2020-05-05,6.15
2020-05-06,6.15
2020-05-07,6.49
2020-05-08,7.09
2020-05-09,7.78
2020-05-10,7.46
2020-05-11,7.78
2020-05-12,7.67
2020-05-13,7.78
2020-05-14,7.78
2020-05-15,7.35
2020-05-16,7.09
2020-05-17,6.86
2020-05-18,7.78
2020-05-19,7.78
2020-05-20,7.67
2020-05-21,7.46
2020-05-22,7.46
2020-05-23,7.3
2020-05-24,6.79
2020-05-25,6.15
2020-05-26,7.17
2020-05-27,7.78
2020-05-28,7.78
2020-05-29,7.9
2020-05-30,6.2
2020-05-31,7.78
2020-06-01,7.78
2020-06-02,7.9
2020-06-03,7.84
2020-06-04,7.78
2020-06-05,7.57
2020-06-06,7.46
2020-06-07,7.3
2020-06-08,6.98
2020-06-09,6.98
2020-06-10,6.69
2020-06-11,7.78
2020-06-12,8.07
2020-06-13,7.51
2020-06-14,7.05
2020-06-15,7.73
2020-06-16,7.78
2020-06-17,7.78
2020-06-18,7.78
2020-06-19,7.78
2020-06-20,8.01
2020-06-21,8.13
2020-06-22,8.01
2020-06-23,7.95
2020-06-24,7.78
2020-06-25,7.57
2020-06-26,7.14
2020-06-27,6.99
2020-06-28,6.2
2020-06-29,6.54
2020-06-30,6.79
2020-07-01,5.84
2020-07-02,7.33
2020-07-03,7.25
2020-07-04,8.01
2020-07-05,7.87
2020-07-06,7.09
2020-07-07,7.73
2020-07-08,7.57
2020-07-09,6.88
2020-07-10,6.35
2020-07-11,7.51
2020-07-12,6.64
2020-07-13,8.13
2020-07-14,7.46
2020-07-15,6.84
2020-07-16,5.71
2020-07-17,5.24
2020-07-18,4.91
2020-07-19,5.76
2020-07-20,7.67
2020-07-21,7.73
2020-07-22,7.9
2020-07-23,7.95
2020-07-24,8.07
2020-07-25,8.01
2020-07-26,7.78
2020-07-27,7.67
2020-07-28,6.54
2020-07-29,6.2
2020-07-30,7.78
2020-08-01,6.2
2020-08-02,4.71
2020-08-03,4.25
2020-08-04,4.35
2020-08-05,4.59
2020-08-06,6.11
2020-08-07,4.8
2020-08-08,7.78
2020-08-09,6.25
2020-08-10,4.96
2020-08-11,4.71
2020-08-12,4.52
2020-08-13,4.25
2020-08-14,6.82
2020-08-15,6.3
2020-08-16,6.98
2020-08-17,7.31
2020-08-18,6.65
2020-08-19,7.84
2020-08-20,8.07
2020-08-21,7.73
2020-08-22,7.36
2020-08-23,6.25
2020-08-24,7.73
2020-08-25,5.86
2020-08-26,5.29
2020-08-27,4.87
2020-08-28,4.74
2020-08-29,6.44
2020-08-30,5.43
2020-09-01,7.25
2020-09-02,6.66
2020-09-03,6.3
2020-09-04,6.25
2020-09-05,6.64
2020-09-06,6.4
2020-09-07,6.2
2020-09-08,6.93
2020-09-09,6.74
2020-09-10,6.3
2020-09-11,5.33
2020-09-12,5.05
2020-09-13,4.96
2020-09-14,4.82
2020-09-15,4.87
2020-09-16,4.78
2020-09-17,4.71
2020-09-18,6.35
2020-09-19,5.96
2020-09-20,6.06
2020-09-21,6.15
2020-09-22,5.62
2020-09-23,5.15
2020-09-24,4.87
2020-09-25,5.05
2020-09-26,4.74
2020-09-27,4.74
2020-09-28,6.3
2020-09-29,5.1
2020-09-30,7.84
2020-10-01,5.67
2020-10-02,4.82
2020-10-03,4.59
2020-10-04,5.29
2020-10-05,6.93
2020-10-06,6.57
2020-10-07,5.12
2020-10-08,4.74
2020-10-09,4.3
2020-10-10,4.0
2020-10-11,3.55
2020-10-12,3.5
2020-10-13,3.5
2020-10-14,3.95
2020-10-15,3.75
2020-10-16,3.7
2020-10-17,3.85
2020-10-18,3.85
2020-10-19,4.44
2020-10-20,4.1
2020-10-21,3.95
2020-10-22,3.95
2020-10-23,4.1
2020-10-24,4.05
2020-10-25,4.48
2020-10-26,4.1
2020-10-27,4.1
2020-10-28,4.9
2020-10-29,6.81
2020-10-30,7.73
2020-11-01,5.91
2020-11-02,5.1
2020-11-03,4.91
2020-11-04,5.23
2020-11-05,7.95
2020-11-06,7.95
2020-11-07,7.9
2020-11-08,7.62
2020-11-09,7.51
2020-11-10,7.78
2020-11-11,7.62
2020-11-12,7.46
2020-11-13,7.84
2020-11-14,7.95
2020-11-15,7.95
2020-11-16,7.95
2020-11-17,7.9
2020-11-18,7.78
2020-11-19,7.79
2020-11-20,7.95
2020-11-21,8.04
2020-11-22,8.01
2020-11-23,7.78
2020-11-24,6.8
2020-11-25,5.12
2020-11-26,5.05
2020-11-27,7.78
2020-11-28,7.9
2020-11-29,7.9
2020-12-01,7.57
2020-12-02,6.82
2020-12-03,6.25
2020-12-04,7.19
2020-12-05,8.13
2020-12-06,8.13
2020-12-07,8.01
2020-12-08,7.95
2020-12-09,8.13
2020-12-10,8.01
2020-12-11,7.9
2020-12-12,7.73
2020-12-13,7.51
2020-12-14,7.06
2021-01-01,7.87
2021-01-02,7.9
2021-01-03,8.13
2021-01-04,7.95
2021-01-05,8.01
2021-01-06,8.01
2021-01-07,7.9
2021-01-08,7.95
2021-01-09,7.95
2021-01-10,8.13
2021-01-11,8.13
2021-01-12,8.13
2021-01-13,8.13
2021-01-14,8.13
2021-01-15,8.01
2021-01-16,7.95
2021-01-17,7.95
2021-01-18,8.07
2021-01-19,7.95
2021-01-20,7.95
2021-01-21,7.95
2021-01-22,7.95
2021-01-23,8.13
2021-01-24,8.01
2021-01-25,7.95
2021-01-26,7.95
2021-01-27,7.95
2021-01-28,7.9
2021-01-29,7.73
2021-01-30,7.46
2021-01-31,7.14
2021-02-01,7.03
2021-02-02,7.68
2021-02-03,6.98
2021-02-04,6.59
2021-02-05,6.4
2021-02-06,6.49
2021-02-07,6.35
2021-02-08,6.4
2021-02-09,7.73
2021-02-10,7.73
2021-02-11,7.95
2021-02-12,8.07
2021-02-13,7.9
2021-02-14,8.01
2021-02-15,7.95
2021-02-16,7.51
2021-02-17,7.9
2021-02-18,5.59
2021-02-19,7.62
2021-02-20,7.95
2021-02-21,7.95
2021-02-22,7.9
2021-02-23,7.95
2021-02-24,7.95
2021-02-25,8.07
2021-02-26,8.01
2021-02-27,7.01
2021-02-28,8.13
2021-03-01,7.74
2021-03-02,7.69
2021-03-03,8.13
2021-03-04,8.01
2021-03-05,7.95
2021-03-06,8.13
2021-03-07,8.01
2021-03-08,7.95
2021-03-09,7.95
2021-03-10,8.07
2021-03-11,8.01
2021-03-12,8.07
2021-03-13,8.01
2021-03-14,7.95
2021-03-15,8.07
2021-03-16,8.13
2021-03-17,7.95
2021-03-18,7.6
2021-03-19,8.13
2021-03-20,8.01
2021-03-21,8.13
2021-03-22,8.13
2021-03-23,8.13
2021-03-24,8.01
2021-03-25,8.13
2021-03-26,8.13
2021-03-27,8.13
2021-03-28,8.13
2021-03-29,8.13
2021-03-30,8.01
2021-03-31,4.67
2021-04-01,8.13
2021-04-02,8.13
2021-04-03,8.13
2021-04-04,8.13
2021-04-05,8.13
2021-04-06,8.13
2021-04-07,8.19
2021-04-08,8.13
2021-04-09,8.01
2021-04-10,8.01
2021-04-11,8.07
2021-04-12,7.95
2021-04-13,8.13
2021-04-14,8.13
2021-04-15,8.13
2021-04-16,8.13
2021-04-17,8.07
2021-04-18,8.01
2021-04-19,8.13
2021-04-20,8.07
2021-04-21,7.95
2021-04-22,8.07
2021-04-23,8.07
2021-04-24,7.95
2021-04-25,7.95
2021-04-26,7.92
2021-04-27,7.95
2021-04-28,8.13
2021-04-29,5.96
2021-04-30,6.08
2021-05-01,8.13
2021-05-02,8.13
2021-05-03,7.9
2021-05-04,8.13
2021-05-05,8.13
2021-05-06,8.13
2021-05-07,8.13
2021-05-08,8.13
2021-05-09,8.13
2021-05-10,8.13
2021-05-11,8.13
2021-05-12,8.13
2021-05-13,8.13
2021-05-14,8.13
2021-05-15,8.13
2021-05-16,8.13
2021-05-17,8.13
2021-05-18,8.13
2021-05-19,8.13
2021-05-20,8.13
2021-05-21,8.07
2021-05-22,8.13
2021-05-23,8.13
2021-05-24,8.13
2021-05-25,8.13
2021-05-26,8.13
2021-05-27,6.68
2021-05-28,5.96
2021-05-29,8.13
2021-05-30,8.13
2021-05-31,8.13
2021-06-01,4.71
2021-06-02,6.02
2021-06-03,8.13
2021-06-04,8.13
2021-06-05,8.13
2021-06-06,8.13
2021-06-07,8.13
2021-06-08,8.13
2021-06-09,6.59
2021-06-10,8.13
2021-06-11,8.13
2021-06-12,8.13
2021-06-13,8.13
2021-06-14,8.13
2021-06-15,8.13
2021-06-16,8.13
2021-06-17,8.13
2021-06-18,8.13
2021-06-19,8.13
2021-06-20,8.13
2021-06-21,8.13
2021-06-22,8.01
2021-06-23,8.13
2021-06-24,8.13
2021-06-25,8.13
2021-06-26,8.13
2021-06-27,8.13
2021-06-28,8.13
2021-06-29,8.13
2021-06-30,8.13
2021-07-01,8.13
2021-07-02,8.13
2021-07-03,8.13
2021-07-04,8.13
2021-07-05,8.13
2021-07-06,8.13
2021-07-07,8.13
2021-07-08,8.13
2021-07-09,8.13
2021-07-10,8.13
2021-07-11,8.13
2021-07-12,8.13
2021-07-13,8.13
2021-07-14,8.13
2021-07-15,8.13
2021-07-16,8.13
2021-07-17,8.13
2021-07-18,8.13
2021-07-19,8.13
2021-07-20,8.13
2021-07-21,8.13
2021-07-22,8.13
2021-07-23,8.13
2021-07-24,8.13
2021-07-25,8.13
2021-07-26,8.13
2021-07-27,8.13
2021-07-28,8.13
2021-07-29,7.9
2021-07-30,8.07
2021-07-31,7.95
2021-08-01,7.78
2021-08-02,8.13
2021-08-03,7.38
2021-08-04,8.01
2021-08-05,8.07
2021-08-06,7.78
2021-08-07,7.41
2021-08-08,7.09
2021-08-09,6.98
2021-08-10,6.94
2021-08-11,7.51
2021-08-12,7.62
2021-08-13,7.73
2021-08-14,7.9
2021-08-15,7.9
2021-08-16,7.73
2021-08-17,8.13
2021-08-18,8.01
2021-08-19,7.78
2021-08-20,8.13
2021-08-21,7.78
2021-08-22,7.41
2021-08-23,7.46
2021-08-24,7.57
2021-08-25,7.95
2021-08-26,8.13
2021-08-27,8.01
2021-08-28,8.13
2021-08-29,5.33
2021-08-30,7.52
2021-09-01,7.78
2021-09-02,7.62
2021-09-03,7.62
2021-09-04,7.62
2021-09-05,6.98
2021-09-06,8.07
2021-09-07,7.95
2021-09-08,8.01
2021-09-09,8.07
2021-09-10,7.67
2021-09-11,7.78
2021-09-12,7.84
2021-09-13,8.01
2021-09-14,7.14
2021-09-15,7.09
2021-09-16,6.64
2021-09-17,6.54
2021-09-18,6.25
2021-09-19,6.25
2021-09-20,5.81
2021-09-21,5.71
2021-09-22,5.96
2021-09-23,6.44
2021-09-24,6.54
2021-09-25,6.54
2021-09-26,6.64
2021-09-27,5.76
2021-09-28,5.33
2021-09-29,7.95
2021-09-30,7.84
2021-10-01,6.79
2021-10-02,6.3
2021-10-03,6.56
2021-10-04,6.36
2021-10-05,5.81
2021-10-06,6.1
2021-10-07,8.07
2021-10-08,6.79
2021-10-09,7.19
2021-10-10,7.62
2021-10-11,7.62
2021-10-12,8.01
2021-10-13,7.62
2021-10-14,6.79
2021-10-15,7.9
2021-10-16,7.84
2021-10-17,7.78
2021-10-18,7.78
2021-10-19,7.35
2021-10-20,7.78
2021-10-21,7.84
2021-10-22,8.13
2021-10-23,7.95
2021-10-24,8.13
2021-10-25,8.13
2021-10-26,8.13
2021-10-27,8.13
2021-10-28,8.07
2021-10-29,8.07
2021-10-30,8.13
2021-11-01,8.01
2021-11-02,8.13
2021-11-03,8.01
2021-11-04,8.13
2021-11-05,8.13
2021-11-06,8.13
2021-11-07,8.13
2021-11-08,8.13
2021-11-09,8.13
2021-11-10,7.95
2021-11-11,7.95
2021-11-12,7.95
2021-11-13,8.13
2021-11-14,8.07
2021-11-15,8.07
2021-11-16,8.07
2021-11-17,8.13
2021-11-18,8.13
2021-11-19,8.13
2021-11-20,8.13
2021-11-21,8.13
2021-11-22,8.13
2021-11-23,8.13
2021-11-24,8.13
2021-11-25,8.13
2021-11-26,8.13
2021-11-27,8.13
2021-11-28,7.95
2021-11-29,7.95
2021-11-30,7.9
2021-12-01,8.13
2021-12-02,8.13
2021-12-03,8.13
2021-12-04,8.13
2021-12-05,8.13
2021-12-06,8.13
2021-12-07,8.07
2021-12-08,7.95
2021-12-09,7.95
2021-12-10,7.95
2021-12-11,7.95
2021-12-12,7.95
2021-12-13,7.95
2021-12-14,7.95
2021-12-15,7.84
2021-12-16,7.84
2021-12-17,7.78
2021-12-18,7.95
2021-12-19,7.95
2021-12-20,7.95
2021-12-21,7.95
2021-12-22,7.95
2021-12-23,7.95
2021-12-24,7.95
2021-12-25,7.95
2021-12-26,7.95
2021-12-27,7.95
2021-12-28,7.95
2022-01-01,7.95
2022-01-02,7.95
2022-01-03,7.95
2022-01-04,7.95
2022-01-05,7.95
2022-01-06,7.95
2022-01-07,8.13
2022-01-08,8.01
2022-01-09,7.95
2022-01-10,7.95
2022-01-11,7.9
2022-01-12,7.95
2022-01-13,8.01
2022-01-14,7.95
2022-01-15,7.95
2022-01-16,7.95
2022-01-17,7.95
2022-01-18,7.95
2022-01-19,7.95
2022-01-20,7.95
2022-01-21,7.95
2022-01-22,7.9
2022-01-23,7.95
2022-01-24,7.95
2022-01-25,7.84
2022-01-26,7.95
2022-01-27,7.95
2022-01-28,7.95
2022-01-29,7.95
2022-01-30,7.95
2022-01-31,7.95
2022-02-01,7.9
2022-02-02,8.01
2022-02-03,7.95
2022-02-04,7.63
2022-02-05,7.95
2022-02-06,8.07
2022-02-07,8.13
2022-02-08,7.95
2022-02-09,8.07
2022-02-10,8.13
2022-02-11,8.01
2022-02-12,8.01
2022-02-13,8.13
2022-02-14,7.95
2022-02-15,7.95
2022-02-16,7.95
2022-02-17,7.95
2022-02-18,7.9
2022-02-19,7.95
2022-02-20,7.9
2022-02-21,8.01
2022-02-22,8.01
2022-02-23,8.01
2022-02-24,7.95
2022-02-25,7.95
2022-02-26,7.95
2022-02-27,7.95
2022-02-28,7.9
2022-03-01,7.95
2022-03-02,7.9
2022-03-03,7.79
2022-03-04,7.3
2022-03-05,8.13
2022-03-06,7.9
2022-03-07,8.01
2022-03-08,8.07
2022-03-09,8.13
2022-03-10,8.13
2022-03-11,7.95
2022-03-12,7.95
2022-03-13,7.95
2022-03-14,8.01
2022-03-15,7.95
2022-03-16,7.95
2022-03-17,8.01
2022-03-18,8.13
2022-03-19,7.95
2022-03-20,7.95
2022-03-21,7.95
2022-03-22,7.95
2022-03-23,7.95
2022-03-24,7.95
2022-03-25,7.95
2022-03-26,7.95
2022-03-27,7.95
2022-03-28,7.0
2022-03-29,5.67
2022-03-30,5.67
2022-03-31,5.1
2022-04-01,5.1
2022-04-02,6.13
2022-04-03,5.01
2022-04-04,4.96
2022-04-05,5.05
2022-04-06,4.96
2022-04-07,4.82
2022-04-08,4.82
2022-04-09,4.91
2022-04-10,5.05
2022-04-11,4.82
2022-04-12,4.82
2022-04-13,4.82
2022-04-14,4.82
2022-04-15,5.05
2022-04-16,4.96
2022-04-17,5.01
2022-04-18,4.87
2022-04-19,5.24
2022-04-20,5.05
2022-04-21,5.29
2022-04-22,5.24
2022-04-23,5.52
2022-04-24,5.88
2022-04-25,5.81
2022-04-26,5.76
2022-04-27,5.81
2022-04-28,5.76
2022-04-29,4.87
2022-04-30,5.05
2022-05-01,5.71
2022-05-02,5.57
2022-05-03,5.57
2022-05-04,5.33
2022-05-05,5.24
2022-05-06,5.1
2022-05-07,5.01
2022-05-08,5.05
2022-05-09,4.79
2022-05-10,4.88
2022-05-11,4.88
2022-05-12,4.96
2022-05-13,5.15
2022-05-14,4.91
2022-05-15,4.96
2022-05-16,4.85
2022-05-17,4.71
2022-05-18,4.87
2022-05-19,4.82
2022-05-20,4.91
2022-05-21,4.82
2022-05-22,4.82
2022-05-23,4.82
2022-05-24,4.87
2022-05-25,4.82
2022-05-26,5.1
2022-05-27,5.1
2022-05-28,5.01
2022-05-29,4.96
2022-05-30,5.26
2022-05-31,4.44
2022-06-01,5.1
2022-06-02,5.01
2022-06-03,4.81
2022-06-04,6.2
2022-06-05,8.13
2022-06-06,8.13
2022-06-07,7.32
2022-06-08,6.1
2022-06-09,5.67
2022-06-10,5.1
2022-06-11,5.01
2022-06-12,5.24
2022-06-13,4.91
2022-06-14,5.05
2022-06-15,5.1
2022-06-16,5.01
2022-06-17,4.96
2022-06-18,4.82
2022-06-19,4.91
2022-06-20,5.1
2022-06-21,5.24
2022-06-22,5.15
2022-06-23,5.19
2022-06-24,5.43
2022-06-25,5.15
2022-06-26,4.91
2022-06-27,4.88
2022-06-28,4.78
2022-06-29,3.48
2022-06-30,3.29
2022-07-01,5.1
2022-07-02,4.96
2022-07-03,4.63
2022-07-04,4.74
2022-07-05,4.91
2022-07-06,4.92
2022-07-07,4.52
2022-07-08,4.71
2022-07-09,4.4
2022-07-10,4.48
2022-07-11,4.71
2022-07-12,4.55
2022-07-13,4.52
2022-07-14,4.78
2022-07-15,4.82
2022-07-16,4.82
2022-07-17,4.71
2022-07-18,4.52
2022-07-19,4.78
2022-07-20,4.33
2022-07-21,4.29
2022-07-22,4.83
2022-07-23,4.67
2022-07-24,4.97
2022-07-25,4.4
2022-07-26,4.87
2022-07-27,4.85
2022-07-28,3.6
2022-07-29,4.55
2022-07-30,4.48
2022-07-31,4.21
2022-08-01,6.3
2022-08-02,6.71
2022-08-03,5.81
2022-08-04,5.52
2022-08-05,5.15
2022-08-06,4.31
2022-08-07,4.36
2022-08-08,4.33
2022-08-09,4.15
2022-08-10,4.67
2022-08-11,4.54
2022-08-12,4.1
2022-08-13,3.95
2022-08-14,4.1
2022-08-15,4.59
2022-08-16,4.67
2022-08-17,4.77
2022-08-18,4.24
2022-08-19,3.9
2022-08-20,3.36
2022-08-21,3.58
2022-08-22,3.29
2022-08-23,3.56
2022-08-24,4.38
2022-08-25,4.59
2022-08-26,4.59
2022-08-27,4.59
2022-08-28,4.59
2022-08-29,7.3
2022-08-30,6.49
2022-09-01,4.29
2022-09-02,4.36
2022-09-03,4.25
2022-09-04,4.25
2022-09-05,5.05
2022-09-06,4.59
2022-09-07,7.84
2022-09-08,7.95
2022-09-09,7.62
2022-09-10,7.84
2022-09-11,8.01
2022-09-12,7.57
2022-09-13,7.95
2022-09-14,7.95
2022-09-15,7.78
2022-09-16,7.3
2022-09-17,7.62
2022-09-18,7.62
2022-09-19,7.62
2022-09-20,7.95
2022-09-21,7.62
2022-09-22,7.06
2022-09-23,5.96
2022-09-24,7.78
2022-09-25,6.69
2022-09-26,5.81
2022-09-27,5.52
2022-09-28,5.38
2022-09-29,7.95
2022-09-30,7.62
2022-10-01,7.9
2022-10-02,7.25
2022-10-03,5.67
2022-10-04,5.5
2022-10-05,5.81
2022-10-06,7.95
2022-10-07,7.78
2022-10-08,8.01
2022-10-09,7.95
2022-10-10,7.78
2022-10-11,7.3
2022-10-12,6.62
2022-10-13,6.49
2022-10-14,7.95
2022-10-15,7.95
2022-10-16,7.9
2022-10-17,7.95
2022-10-18,7.84
2022-10-19,7.95
2022-10-20,7.78
2022-10-21,7.95
2022-10-22,7.95
2022-10-23,7.9
2022-10-24,7.68
2022-10-25,7.67
2022-10-26,7.78
2022-10-27,7.9
2022-10-28,7.87
2022-10-29,7.41
2022-10-30,7.78
2022-11-01,7.67
2022-11-02,7.7
2022-11-03,7.67
2022-11-04,7.62
2022-11-05,7.62
2022-11-06,7.46
2022-11-10,7.78
2022-11-11,7.78
2022-11-12,7.78
2022-11-13,7.73
2022-11-14,7.62
2022-11-15,7.67
2022-11-16,7.51
2022-11-17,7.62
2022-11-18,7.57
2022-11-19,6.79
2022-11-20,7.84
2022-11-21,7.57
2022-11-22,6.4
2022-11-23,7.78
2022-11-24,7.73
2022-11-25,7.62
2022-11-26,7.62
2022-11-27,7.78
2022-11-28,7.7
2022-11-29,3.65
2022-11-30,3.36
2022-12-01,7.67
2022-12-02,7.67
2022-12-03,7.62
2022-12-04,7.73
2022-12-05,7.78
2022-12-06,7.46
2022-12-07,7.73
2022-12-08,7.78
2022-12-09,7.62
2022-12-10,7.11
2022-12-11,7.25
2022-12-12,6.69
2022-12-13,6.69
2022-12-14,6.25
2022-12-15,5.86
2022-12-16,5.05
2022-12-17,5.05
2022-12-18,6.3
2022-12-19,6.25
2022-12-20,4.92
2022-12-21,4.67
2022-12-22,4.55
2022-12-23,4.4
2022-12-24,4.2
2022-12-25,3.95
2022-12-26,7.78
2022-12-27,4.69
2022-12-28,3.95
