Rio,Estacion,Latitud_WGS84,Longitud_WGS84,Municipio,N_Registros,Anio_Min,Anio_Max,Fuente
Rio Risaralda,Quebrada Chapata - Desembocadura,5.109283,-75.844,,50,1998,2025,CARDER/CVC (tributarios)
Rio Guabas,Rio Guabas - Quebrada Los Lulos - Antes desembocadura a rio Guabas,3.769996,-76.220366,,17,2016,2025,CARDER/CVC (tributarios)
Rio Amaime,Rio Amaime - Antes Caserio Tablones - Balneario Puerto Amor,3.61777,-76.186934,,18,2016,2025,CARDER/CVC (tributarios)
Rio Amaime,Rio Amaime - Antes Caserio el Placer,3.611248,-76.26564,,19,2016,2025,CARDER/CVC (tributarios)
Rio Amaime,Rio Amaime - Antes desembocadura de Rio Nima,3.604254,-76.279243,,19,2016,2025,CARDER/CVC (tributarios)
Rio Amaime,Rio Amaime - Despues Caserio Auji,3.617634,-76.108868,,15,2016,2023,CARDER/CVC (tributarios)
Rio Amaime,Rio Amaime - antes Desembocadura a Rio Cauca,3.665939,-76.408735,,19,2016,2025,CARDER/CVC (tributarios)
Rio Bolo,Rio Bolo - Antes desembocadura a Frayle en puente Recta Cali - Palmira,3.49987,-76.448059,,16,2016,2025,CARDER/CVC (tributarios)
Rio Bolo,Rio Bolo - Limnígrafo CVC - Los Minchos,3.419529,-76.173935,,15,2016,2025,CARDER/CVC (tributarios)
Rio Bolo,Rio Bolo - Puente Bolo - San Isidro - vía a Candelaria,3.459193,-76.3362,,16,2016,2025,CARDER/CVC (tributarios)
Rio Bolo,Rio Bolo - Puente Pradera - Palmira,3.431176,-76.24564,,16,2016,2025,CARDER/CVC (tributarios)
Rio Bugalagrande,Rio Bugalagrande - Conciviles - Andalucía,4.17503,-76.145174,,18,2016,2025,CARDER/CVC (tributarios)
Rio Bugalagrande,Rio Bugalagrande - Puente Colgante El Placer,4.094426,-76.078444,,15,2016,2024,CARDER/CVC (tributarios)
Rio Bugalagrande,Rio Bugalagrande - Puente Variante Bugalagrande,4.194746,-76.156756,,18,2016,2025,CARDER/CVC (tributarios)
Rio Bugalagrande,Rio Bugalagrande - Puente antes Caserio San Rafael.,4.094919,-76.036542,,14,2016,2024,CARDER/CVC (tributarios)
Rio Bugalagrande,Rio Bugalagrande - antes desembocadura a Río Cauca - Hacienda El Guayabo,4.257935,-76.164733,,18,2016,2025,CARDER/CVC (tributarios)
Rio Risaralda,Río Cauca - Antes río Risaralda,4.892604,-75.88808,,47,2001,2025,CARDER/CVC (tributarios)
Rio Frayle,Rio Frayle - Antes Desembocadura a rio Guachal Recta Cali Palmira,3.498186,-76.455438,,15,2016,2025,CARDER/CVC (tributarios)
Rio Frayle,Rio Frayle - Limnigrafo CVC - caserio Brisas de Frayle,3.373742,-76.349164,,16,2016,2025,CARDER/CVC (tributarios)
Rio Frayle,Rio Frayle - Nacimiento El Pedregal,3.305802,-76.210105,,16,2016,2025,CARDER/CVC (tributarios)
Rio Frayle,Rio Frayle - Puente Vía a Miranda,3.318517,-76.237517,,16,2016,2025,CARDER/CVC (tributarios)
Rio Guabas,Rio Guabas - Antes Mina La Victoria,3.749357,-76.176617,,17,2016,2025,CARDER/CVC (tributarios)
Rio Guabas,Rio Guabas - Antes desembocadura a Río Cauca,3.770083,-76.376225,,17,2016,2025,CARDER/CVC (tributarios)
Rio Guabas,Rio Guabas - Puente Rojo - Bocatoma Acueducto de Ginebra,3.76628,-76.230902,,15,2016,2025,CARDER/CVC (tributarios)
Rio Guabas,Rio Guabas - Puente despues Mina La Victoria,3.751694,-76.196419,,10,2017,2024,CARDER/CVC (tributarios)
Rio Guabas,Rio Guabas - despues Mina La Victoria,3.751691,-76.196421,,7,2016,2025,CARDER/CVC (tributarios)
Rio Guachal,GG3 - Rio Guachal - Antes Desembocadura a Rio Cauca,3.587519,-76.452736,,16,2016,2025,CARDER/CVC (tributarios)
Rio Guadalajara,Rio Guadalajara - Antes desembocadura de Quebrada La Magdalena - puente Colgante,3.881162,-76.196725,,19,2016,2025,CARDER/CVC (tributarios)
Rio Guadalajara,Rio Guadalajara - Bocatoma Acueducto Buga,3.886896,-76.271875,,19,2016,2025,CARDER/CVC (tributarios)
Rio Guadalajara,Rio Guadalajara - La Piscina - Vía a Alaska,3.875809,-76.170954,,19,2016,2025,CARDER/CVC (tributarios)
Rio Guadalajara,Rio Guadalajara - Puente Balneario los Guaduales,3.894336,-76.235202,,19,2016,2025,CARDER/CVC (tributarios)
Rio Guadalajara,Rio Guadalajara - Puente Frente vía Ferrea,3.896775,-76.308083,,19,2016,2025,CARDER/CVC (tributarios)
Rio Guadalajara,Rio Guadalajara - antes desembocadura a Rio Cauca (El Porvenir),3.899098,-76.339853,,19,2016,2025,CARDER/CVC (tributarios)
Rio Risaralda,Río Guatica - Desembocadura río Risaralda,5.235894,-75.813516,,32,2000,2025,CARDER/CVC (tributarios)
Rio Riofrio,Rio Riofrio - Rio Guayabal,4.124693,-76.366268,,18,2016,2025,CARDER/CVC (tributarios)
Rio La Paila,Rio La Paila - Antes desembocadura a Rio Cauca,4.346313,-76.144667,,17,2016,2025,CARDER/CVC (tributarios)
Rio La Paila,Rio La Paila - Planta Acuavalle,4.295466,-76.042678,,18,2016,2025,CARDER/CVC (tributarios)
Rio La Paila,Rio La Paila - Puente Paila arriba - vía a Sevilla,4.239842,-76.036823,,18,2016,2025,CARDER/CVC (tributarios)
Rio La Paila,Rio La Paila - antes desembocadura del rio Totoro,4.293773,-76.023405,,19,2016,2025,CARDER/CVC (tributarios)
Rio Nima,Rio Nima - Acueducto Nima,3.525624,-76.18134,,18,2016,2025,CARDER/CVC (tributarios)
Rio Nima,Rio Nima - Antes Caserio de tenjo,3.518806,-76.155231,,17,2016,2025,CARDER/CVC (tributarios)
Rio Nima,Rio Nima - Antes desembocadura a rio Amaime,3.603654,-76.278693,,18,2016,2025,CARDER/CVC (tributarios)
Rio Parraga,Rio Parraga - antes Desembocadura a rio Frayle,3.445243,-76.432137,,5,2016,2018,CARDER/CVC (tributarios)
Rio Parraga,Rio Parraga - puente via Florida - Pradera,3.353248,-76.267165,,5,2016,2018,CARDER/CVC (tributarios)
Rio Parraga,Rio Parraga - puente vía Candelaria - Florida,3.404467,-76.351611,,5,2016,2018,CARDER/CVC (tributarios)
Rio Riofrio,Rio Riofrio - Antes Municipio Riofrio,4.156958,-76.297195,,18,2016,2025,CARDER/CVC (tributarios)
Rio Riofrio,Rio Riofrio - Antes desembocadura a Río Cauca,4.141371,-76.283638,,16,2016,2025,CARDER/CVC (tributarios)
Rio Riofrio,Rio Riofrio - Bocatoma Acueducto de Riofrio,4.172028,-76.331567,,18,2016,2025,CARDER/CVC (tributarios)
Rio Riofrio,Rio Riofrio - puente despues Salonica - limnigrafo CVC,4.132912,-76.365018,,18,2016,2025,CARDER/CVC (tributarios)
Rio Risaralda,Río Risaralda - Antes Descarga Municipio Mistrató,5.308165,-75.885589,,37,2013,2025,CARDER/CVC (tributarios)
Rio Risaralda,Río Risaralda - Después Descarga Municipio Mistrató,5.293912,-75.878735,,45,2010,2025,CARDER/CVC (tributarios)
Rio Risaralda,Río Risaralda - Las Palmeras,5.111179,-75.842635,,61,1999,2025,CARDER/CVC (tributarios)
Rio Risaralda,Río Risaralda - Puente Negro,4.987874,-75.859077,,50,2007,2025,CARDER/CVC (tributarios)
Rio Risaralda,Río Risaralda - Puente Umbría,5.247729,-75.840945,,65,1997,2025,CARDER/CVC (tributarios)
Rio Sabaletas,Rio Sabaletas - Antes caserío Los Medios,3.694142,-76.179323,,16,2017,2025,CARDER/CVC (tributarios)
Rio Sabaletas,Rio Sabaletas - Antes desembocadura a Rio Cauca,3.745579,-76.385864,,16,2017,2025,CARDER/CVC (tributarios)
Rio Sabaletas,Rio Sabaletas - Bocatoma Acuavalle Santa Elena,3.689689,-76.187333,,16,2017,2025,CARDER/CVC (tributarios)
Rio Sabaletas,Rio Sabaletas - Cruce sector vía La Novillera,3.688158,-76.230651,,16,2017,2025,CARDER/CVC (tributarios)
Rio Sabaletas,Rio Sabaletas - Puente vía Santa Elena-Ginebra,3.69059,-76.264109,,16,2017,2025,CARDER/CVC (tributarios)
Rio Sabaletas,Río Sabaletas - Puente después caserío Los Medios,3.688368,-76.187479,,2,2017,2017,CARDER/CVC (tributarios)
Rio Tulua,Rio Tulua - Antes Jardin Botanico (limnigrafo CVC),4.012376,-76.155708,,19,2016,2025,CARDER/CVC (tributarios)
Rio Tulua,Rio Tulua - Antes desembocadura a Río Cauca,4.129757,-76.216132,,6,2018,2024,CARDER/CVC (tributarios)
Rio Tulua,Rio Tulua - Despues Urbanizacion Maracaibo,4.110881,-76.20242,,19,2016,2025,CARDER/CVC (tributarios)
Rio Tulua,Rio Tulua - Puente Ferrocarril Barrio La Trinidad,4.09214,-76.194371,,19,2016,2025,CARDER/CVC (tributarios)
Rio Tulua,Rio Tulua - Puente Nuevo (Barrio 7 de Agosto),4.102134,-76.196909,,19,2016,2025,CARDER/CVC (tributarios)
Rio Tulua,Rio Tulua - antes desembocadura a Río Cauca (vereda El Salto),4.129757,-76.216132,,13,2016,2025,CARDER/CVC (tributarios)
Rio Riofrio,Rio Riofrio - Rio Valcanes,4.124056,-76.372149,,18,2016,2025,CARDER/CVC (tributarios)
Rio Desbaratado,Antes de bocatoma cabecera Miranda,3.265417,-76.215194,,18,2019,2026,CARDER/CVC (tributarios)
Rio Desbaratado,Antes de porcícola (Pte. Jordán),3.286,-76.306056,,18,2019,2026,CARDER/CVC (tributarios)
Rio Desbaratado,Puente Ortigal,3.281778,-76.319861,,18,2019,2026,CARDER/CVC (tributarios)
Rio Palo,Antes Bocatoma Propal,3.184316,-76.41582,,8,2010,2012,CARDER/CVC (tributarios)
Rio Palo,Antes de PTAR Guachené,3.128159,-76.393917,,25,2016,2025,CARDER/CVC (tributarios)
Rio Palo,Bocatoma corregimiento El Palo,3.061983,-76.348686,,20,2017,2025,CARDER/CVC (tributarios)
Rio Palo,Desembocadura a río Cauca,3.259067,-76.458543,,25,2016,2025,CARDER/CVC (tributarios)
Rio Palo,Después de PTAR Guachené,3.133156,-76.403417,,22,2017,2025,CARDER/CVC (tributarios)
Rio Palo,Puente PICC,3.205258,-76.414101,,22,2017,2025,CARDER/CVC (tributarios)
Rio Palo,Puente Perico Negro,3.216244,-76.421797,,25,2016,2025,CARDER/CVC (tributarios)
Rio Palo,Puente Puerto Tejada,3.230295,-76.422429,,22,2017,2025,CARDER/CVC (tributarios)
Rio Palo,Puente del Maíz,3.163996,-76.419846,,22,2017,2025,CARDER/CVC (tributarios)
Rio Cauca,La Primavera,3.371058,-76.468678,Santiago de Cali,,,,CVC
Rio Cauca,Antes Ovejas,2.957417,-76.691514,<Null>,,,,CVC
Rio Cauca,Buenos Aires - Cauca,3.082311,-76.642136,<Null>,,,,CVC
Rio Cauca,Puente Guayabal,4.405219,-76.101375,Zarzal,,,,CVC
Rio Cauca,Juanchito,3.450444,-76.475953,Candelaria,,,,CVC
Rio Cauca,Paso de La Balsa,3.092042,-76.599086,Buenos Aires - Cauca,,,,CVC
Rio Cauca,Paso de La Bolsa,3.205586,-76.494339,Villarica - Cauca,,,,CVC
Rio Cauca,La Victoria,4.525317,-76.043628,La Victoria,,,,CVC
Rio Cauca,La Virginia - Risaralda,4.884097,-75.869928,La Virginia,,,,CVC
Rio Cauca,Paso La Torre,3.631214,-76.450756,Yumbo,,,,CVC
Rio Cauca,Paso del Comercio,3.492794,-76.483025,Santiago de Cali,,,,CVC
Rio Cauca,Yumbo,3.5485,-76.486097,Yumbo,,,,CVC
Rio Cauca,Riofrio,4.123919,-76.269097,Riofrio,,,,CVC
Rio Cauca,Vijes,3.727164,-76.409317,Yotoco,,,,CVC
Rio Cauca,Yotoco,3.851086,-76.373631,Yotoco,,,,CVC
Rio Cauca,Antes Suárez,2.95101111,-76.69785278,,,,,CVC
Rio Cauca,Hormiguero,3.30186389,-76.47719167,,,,,CVC
Rio Cauca,Mediacanoa,3.89091389,-76.34902778,76111,,,,CVC
Rio Cauca,Anacaro,4.78368333,-75.96610278,76147,,,,CVC
